{
    "name": "kccbp",
    "title": "Kibble's Compendium of Craft (Blacksmith parts)",
    "description": "Blacksmith parts",
    "version": "0.0.1",
    "author": "Sebastos",
    "minimumCoreVersion": "0.8.6",
    "compatibleCoreVersion": "9",
    "packs": [
        {
            "name": "module-items",
            "label": "Module Items",
            "path": "./packs/items.db",
            "entity": "Item",
            "type": "Item"

        }
    ],
    "manifest": "https://github.com/Bifur-Mithrilpike/kccbp/blob/main/module.json",
    "download": "https://github.com/Bifur-Mithrilpike/kccbp/blob/main/kccbp.zip"
  }